Full Name,Phone,Origin City,Mode of Travel,Hotel Name,Group Size,Gate Pref,Notes
Rohan Mehta 1,9885246579,Kharghar,Metro,None,2,,
Rohan Mehta 2,9800384295,Sanpada,,,1,,wheelchair access needed
Vikram Rao 3,9831946174,Panvel,bus,Panvel Inn,2,,
Amit Deshmukh 4,9807469462,Nerul,,None,5,,
Rohan Mehta 5,9807758240,Kalyan,car,N/A,1,,
Sneha Kulkarni 6,9832295779,Vashi,Cab,None,3,,
Kavita Naik 7,9809364134,Sanpada,,,2,Gate A,
Rohan Mehta 8,9832637796,Thane,Cab,Kharghar Grand,4,,
Priya Patil 9,9870555178,Vashi,,Panvel Inn,3,,
Sneha Kulkarni 10,9841835555,Thane,Cab,N/A,3,,
Rohan Mehta 11,9816930459,Thane,,N/A,3,,
Priya Patil 12,9852567522,Sanpada,train,None,2,,
Kavita Naik 13,9806934030,Nashik,car,None,5,,senior citizen group
Rohan Mehta 14,9893753174,Thane,train,,4,,senior citizen group
Priya Patil 15,,Vashi,bus,,1,,
Vikram Rao 16,,Nashik,bus,,,Gate A,wheelchair access needed
Vikram Rao 17,9809879126,Panvel,Metro,,5,,first time visitor
Anjali Joshi 18,,Panvel,Car,N/A,1,,
Amit Deshmukh 19,9895209784,Nashik,,N/A,2,,
Anjali Joshi 20,9898431506,Thane,Car,Panvel Inn,2,,first time visitor
Rohan Mehta 21,9869151930,Vashi,BUS,,4,Gate B,
Vikram Rao 22,9849990667,Nerul,BUS,,1,,senior citizen group
Suresh Iyer 23,,Vashi,Metro,,5,Gate A,
Amit Deshmukh 24,9872045420,Pune,train,,,,
Divya Nair 25,9884000469,,car,Panvel Inn,4,,
Suresh Iyer 26,9849352944,Kharghar,bus,Panvel Inn,2,,
Divya Nair 27,,Kalyan,,Panvel Inn,4,,
Anjali Joshi 28,,Kharghar,Metro,N/A,3,Gate A,
Amit Deshmukh 29,9876220728,Pune,,None,3,,
Divya Nair 30,9865791954,Panvel,bus,N/A,3,Gate A,
Priya Patil 31,9872577237,Vashi,,Kharghar Grand,3,Gate C,wheelchair access needed
Anjali Joshi 32,9883312229,Panvel,Train,N/A,3,,
Divya Nair 33,9895742761,Kharghar,,N/A,4,Gate B,senior citizen group
Rohan Mehta 34,9815614205,Belapur,train,,4,Gate C,
Rohan Mehta 35,9825437684,Sanpada,metro,,3,,
Rohan Mehta 36,9843377455,Sanpada,bus,,4,,first time visitor
,,,Train,Kharghar Grand,,Gate C,
Kavita Naik 38,9804991463,Nashik,bus,N/A,3,Gate A,
Divya Nair 39,9843102372,Thane,,,5,,
Divya Nair 40,,Nerul,,None,5,,
Divya Nair 41,9831589153,Thane,train,None,3,,
Vikram Rao 42,9866029660,Pune,Train,Panvel Inn,1,,
Rohan Mehta 43,9870837761,Vashi,metro,,5,,
Divya Nair 44,9817422885,Nerul,,,5,,
Anjali Joshi 45,9859809859,Nashik,bus,,2,Gate C,
Sneha Kulkarni 46,9833603672,Sanpada,Metro,N/A,4,Gate C,
Rahul Sharma 47,,Thane,bus,Panvel Inn,4,Gate C,
Amit Deshmukh 48,9884442540,Kharghar,Train,,4,Gate B,wheelchair access needed
Vikram Rao 49,9802094313,Panvel,BUS,Kharghar Grand,4,,first time visitor
Divya Nair 50,9888736151,Belapur,Cab,Kharghar Grand,5,,wheelchair access needed
Rohan Mehta 51,9809079074,Nerul,Train,Panvel Inn,,Gate B,
Amit Deshmukh 52,,Kalyan,,,2,Gate A,
Rohan Mehta 53,9806396265,Nerul,BUS,Panvel Inn,1,,
Anjali Joshi 54,9840531017,Pune,Train,,5,Gate C,
Rohan Mehta 55,9819466714,Kalyan,,Kharghar Grand,5,Gate C,senior citizen group
Sneha Kulkarni 56,9806185711,Belapur,Metro,Panvel Inn,,,
Kavita Naik 57,9873333359,Pune,Car,Panvel Inn,5,,
Divya Nair 58,9841102628,Vashi,metro,,3,,
Sneha Kulkarni 59,,,train,Kharghar Grand,1,,first time visitor
Suresh Iyer 60,9882463771,Vashi,car,None,2,,
Rohan Mehta 61,9851242616,Pune,,None,5,Gate A,
Suresh Iyer 62,9836681555,Panvel,,N/A,1,,senior citizen group
Rohan Mehta 63,9830455107,Vashi,,Panvel Inn,1,Gate C,
Vikram Rao 64,9865996317,Nerul,Car,,5,,
Vikram Rao 65,9879192880,Vashi,bus,None,,,
Amit Deshmukh 66,9880657290,Kharghar,Car,,3,,
Priya Patil 67,9850651579,Vashi,,None,,Gate B,first time visitor
Kavita Naik 68,9881195168,Sanpada,Car,Panvel Inn,1,Gate B,
Amit Deshmukh 69,,Kharghar,,Panvel Inn,5,,
Suresh Iyer 70,9880219626,Nerul,Metro,N/A,5,,senior citizen group
Divya Nair 71,9818391893,Nashik,BUS,,4,Gate A,
Rahul Sharma 72,9819407754,Kalyan,metro,Panvel Inn,2,,senior citizen group
Anjali Joshi 73,9889483897,Nerul,train,None,2,,
Vikram Rao 74,9849526673,,Metro,N/A,5,Gate C,wheelchair access needed
Priya Patil 75,9882475222,Nerul,Car,Panvel Inn,2,,
Amit Deshmukh 76,9831992288,,BUS,,1,,
Anjali Joshi 77,9876910911,Pune,Car,Panvel Inn,5,,
Priya Patil 78,9891180469,Pune,Metro,None,3,,
Divya Nair 79,,Pune,Cab,,5,,senior citizen group
Kavita Naik 80,9831618907,Kharghar,Metro,N/A,5,,
Rahul Sharma 81,,Panvel,BUS,Kharghar Grand,5,,wheelchair access needed
Anjali Joshi 82,,Panvel,car,Panvel Inn,3,,senior citizen group
Vikram Rao 83,9810156343,Nashik,BUS,,4,Gate B,
Vikram Rao 84,9869918090,Kharghar,,,5,,
Divya Nair 85,,Kharghar,Cab,Kharghar Grand,4,Gate C,first time visitor
Priya Patil 86,9843052771,Kalyan,bus,,5,,
Kavita Naik 87,9809917082,Nashik,,N/A,3,,
Divya Nair 88,,Kharghar,BUS,,3,,
Priya Patil 89,9877896809,Nashik,metro,,5,,
Amit Deshmukh 90,9881075673,Belapur,metro,Panvel Inn,5,,
Amit Deshmukh 91,9825935140,Belapur,Cab,,5,Gate A,
Rahul Sharma 92,9899421030,Thane,train,Kharghar Grand,2,,
Rohan Mehta 93,9871115886,Panvel,BUS,Kharghar Grand,4,,
Rahul Sharma 94,9811302409,Sanpada,Train,None,1,,
Sneha Kulkarni 95,9891784199,Panvel,metro,,3,Gate B,
Amit Deshmukh 96,9889011959,Nashik,Train,,4,,
Sneha Kulkarni 97,,Panvel,train,,,Gate A,wheelchair access needed
Amit Deshmukh 98,9825389726,Nashik,Car,Panvel Inn,,,
Divya Nair 99,,Nashik,BUS,Kharghar Grand,3,,first time visitor
Rohan Mehta 100,9802633115,Sanpada,Car,,5,,wheelchair access needed
Anjali Joshi 101,9819393248,Sanpada,bus,,2,,wheelchair access needed
Priya Patil 102,9874749075,Thane,Car,,4,Gate A,
Sneha Kulkarni 103,,Pune,car,None,4,,wheelchair access needed
Divya Nair 104,9839918840,Pune,BUS,N/A,5,Gate B,
Kavita Naik 105,9867423116,Kalyan,Metro,Panvel Inn,4,,
Divya Nair 106,9866402741,Nerul,BUS,Panvel Inn,1,,
Vikram Rao 107,9811502188,Thane,,,5,,
Rahul Sharma 108,9820330992,Sanpada,,None,5,Gate C,
Priya Patil 109,9806838569,Nashik,bus,,4,,
Anjali Joshi 110,9809546547,Kharghar,train,Kharghar Grand,2,,
Priya Patil 111,9894605076,Kharghar,metro,,2,,
Priya Patil 112,9811801083,Thane,,,1,,
Sneha Kulkarni 113,9813503385,Vashi,train,Panvel Inn,4,,senior citizen group
Sneha Kulkarni 114,9818129353,Belapur,,N/A,4,Gate C,
Rohan Mehta 115,9898706499,Kalyan,,Panvel Inn,1,,
Amit Deshmukh 116,9860673671,Sanpada,BUS,,1,Gate A,
Rohan Mehta 117,9812500652,Kharghar,train,,4,,
Amit Deshmukh 118,9801221125,Pune,,,1,Gate A,wheelchair access needed
Vikram Rao 119,9896196098,Belapur,train,None,4,,senior citizen group
Divya Nair 120,9853782023,Panvel,Train,None,5,Gate B,
Amit Deshmukh 121,,Nerul,Metro,None,4,Gate C,wheelchair access needed
Rahul Sharma 122,9829892850,Belapur,metro,None,4,,
Sneha Kulkarni 123,9867986353,Panvel,car,None,2,,
Sneha Kulkarni 124,,Sanpada,bus,,5,,
Vikram Rao 125,9854770691,Sanpada,,,2,,senior citizen group
Vikram Rao 126,9843572179,,Car,,3,,
Rahul Sharma 127,9861055719,Pune,train,,1,,
Suresh Iyer 128,,Panvel,BUS,Panvel Inn,5,,wheelchair access needed
Rahul Sharma 129,9859787910,Sanpada,metro,Kharghar Grand,1,,
Priya Patil 130,,Kharghar,train,N/A,2,,
Kavita Naik 131,9889034236,Nerul,bus,Kharghar Grand,2,,
Divya Nair 132,9856680101,Pune,bus,None,5,,
Priya Patil 133,9879249322,Sanpada,Car,,5,,
Rohan Mehta 134,9809824749,Nerul,metro,,2,,
Divya Nair 135,9835053488,Panvel,Car,None,4,,
Suresh Iyer 136,9848102661,Belapur,Train,N/A,1,,
Amit Deshmukh 137,9818016484,Nashik,,Kharghar Grand,1,,senior citizen group
Rahul Sharma 138,9888860907,,Metro,,2,,
Rohan Mehta 139,9898739157,Kalyan,,Kharghar Grand,,,
Vikram Rao 140,9867152729,Pune,train,Panvel Inn,3,,
Rohan Mehta 141,,Thane,train,Kharghar Grand,3,,
Amit Deshmukh 142,9807243579,Nerul,BUS,N/A,1,,
Priya Patil 143,9876538277,Thane,metro,Kharghar Grand,1,,
Suresh Iyer 144,,Vashi,car,Panvel Inn,5,,wheelchair access needed
Anjali Joshi 145,9831013319,Sanpada,bus,Panvel Inn,3,,
Rahul Sharma 146,9875003159,Nerul,Metro,Panvel Inn,1,,wheelchair access needed
Vikram Rao 147,9805391506,Thane,Train,Panvel Inn,3,,senior citizen group
Rahul Sharma 148,,Kalyan,metro,,2,Gate A,wheelchair access needed
Vikram Rao 149,9817497370,Belapur,,Kharghar Grand,3,,senior citizen group
Anjali Joshi 150,9812784668,Nashik,metro,Panvel Inn,4,,
Rohan Mehta 151,9832946769,Belapur,,,3,Gate C,
Suresh Iyer 152,9829517527,Nashik,Cab,Panvel Inn,5,,
Vikram Rao 153,9839391173,Nerul,metro,,4,Gate A,
Suresh Iyer 154,,Vashi,metro,None,3,,
Suresh Iyer 155,9808283572,Sanpada,Car,Kharghar Grand,,,
Divya Nair 156,9853309575,Panvel,metro,None,1,,
Kavita Naik 157,9839054701,Panvel,Car,None,,Gate A,
Priya Patil 158,9875204003,Pune,BUS,,5,Gate C,
Priya Patil 159,,Kharghar,metro,None,2,Gate B,
Divya Nair 160,9823227426,Kharghar,,,2,,
Rohan Mehta 161,9889608764,Thane,Train,Kharghar Grand,4,Gate A,wheelchair access needed
Rahul Sharma 162,,Panvel,,None,4,,
Rohan Mehta 163,9894590711,Thane,Car,,4,,first time visitor
Sneha Kulkarni 164,,Panvel,Train,Panvel Inn,3,,
Divya Nair 165,9876164279,Thane,Car,None,4,Gate C,
Sneha Kulkarni 166,9867582609,Thane,car,None,4,,
Rahul Sharma 167,9832920788,Pune,car,None,2,Gate C,wheelchair access needed
Divya Nair 168,9862213651,Vashi,bus,,4,,senior citizen group
Priya Patil 169,9834415628,,car,Panvel Inn,3,,
Rahul Sharma 170,9877177898,Sanpada,BUS,,3,,
Priya Patil 171,9851517645,Thane,,,2,Gate A,first time visitor
Rohan Mehta 172,9834819944,Sanpada,car,,2,,
Anjali Joshi 173,9863129571,Thane,Cab,,4,,
Vikram Rao 174,9814781431,Nashik,,,5,,
Amit Deshmukh 175,9831788423,Pune,Cab,Kharghar Grand,2,,
Rohan Mehta 176,9891314492,Kalyan,Car,N/A,3,,senior citizen group
Rahul Sharma 177,9862574557,Pune,,Kharghar Grand,4,Gate A,
Anjali Joshi 178,9885549112,Pune,Metro,None,5,,first time visitor
Suresh Iyer 179,9846192257,Kharghar,,Kharghar Grand,2,,
Sneha Kulkarni 180,9861274100,Nashik,Metro,,5,Gate B,
Amit Deshmukh 181,9878369846,Nashik,BUS,Panvel Inn,5,,
Rohan Mehta 182,9826975718,Nashik,Cab,N/A,5,,
Anjali Joshi 183,9839861401,Vashi,train,Kharghar Grand,1,Gate B,
Divya Nair 184,9832141224,Panvel,BUS,,3,,
Rohan Mehta 185,9895223993,Pune,Train,None,5,,
Divya Nair 186,9865511476,Nashik,bus,N/A,2,Gate A,
Sneha Kulkarni 187,9830049761,Vashi,BUS,Panvel Inn,,,wheelchair access needed
Suresh Iyer 188,9841487302,Belapur,bus,Kharghar Grand,4,,
Rahul Sharma 189,9884875286,Belapur,Train,Panvel Inn,4,Gate C,
Amit Deshmukh 190,9879913370,Thane,Car,Panvel Inn,5,,
Rahul Sharma 191,9881251557,Panvel,,None,3,,
Sneha Kulkarni 192,9887036374,Thane,,Kharghar Grand,,,first time visitor
Suresh Iyer 193,9863272936,Panvel,BUS,Kharghar Grand,2,,first time visitor
Sneha Kulkarni 194,9899037664,Belapur,BUS,N/A,,Gate C,first time visitor
Kavita Naik 195,,Pune,Metro,Kharghar Grand,5,,
Sneha Kulkarni 196,,Pune,Train,N/A,4,Gate C,
Anjali Joshi 197,9834561371,Kharghar,bus,N/A,1,,senior citizen group
Divya Nair 198,9847982279,Nerul,BUS,Panvel Inn,1,,
,9850164817,Panvel,metro,Kharghar Grand,4,,
Divya Nair 200,9894736799,Thane,Cab,Panvel Inn,3,,
